imdb,year,title,code
tf00293564,2007,Rush Hour 3,Update
tf0035423,2001,Kate &amp; Leopold,Update
tk0065466,1970,Beyond the Valley of the Dolls,Update
tf0065466,1970,Beyond the Valley of the Dolls,Update
tk0067065,1971,Escape from the Planet of the Apes,Update
tf0067065,1971,Escape from the Planet of the Apes,Update
tk0067116,1971,The French Connection,Update
tf0067116,1971,The French Connection,Update
tk0067741,1971,Shaft,Update
tf0067741,1971,Shaft,Update
tk0067800,1971,Straw Dogs,Update
tf0067800,1971,Straw Dogs,Update
tk0067992,1971,Willy Wonka &amp; the Chocolate Factory,Update
tf0067992,1971,Willy Wonka &amp; the Chocolate Factory,Update
tf0068156,1972,1776,Update
tk0068646,1972,The Godfather,Update
tf0068646,1972,The Godfather,Update
tf0068699,1973,High Plains Drifter,Update
tf0069089,1972,Pink Flamingos,Update
tf0069704,1973,American Graffiti,Update
tf0070047,1973,The Exorcist,Update
tf0070707,1973,Sleeper,Update
tf0070735,1973,The Sting,Update
tf0071222,1974,Black Christmas,Update
tf0071230,1974,Blazing Saddles,Update
tf0071360,1974,The Conversation,Update
tf0071562,1974,The Godfather: Part II,Update
tf0071853,1975,Monty Python and the Holy Grail,Update
tf0072271,1974,The Texas Chain Saw Massacre,Update
tf0072308,1974,The Towering Inferno,Update
tf0072431,1974,Young Frankenstein,Update
tf0072684,1975,Barry Lyndon,Update
tf0073195,1975,Jaws,Update
tf0073486,1975,One Flew Over the Cuckoo&#39;s Nest,Update
tf0073629,1975,The Rocky Horror Picture Show,Update
tf0074156,1976,Assault on Precinct 13,Update
tf0074486,1977,Eraserhead,Update
tf0074512,1976,Family Plot,Update
tf0074812,1976,Logan&#39;s Run,Update
tf0074958,1976,Network,Update
tf0075148,1976,Rocky,Update
tf0075222,1976,Silent Movie,Update
tf0075249,1976,Sparkle,Update
tf0075314,1976,Taxi Driver,Update
tf0075686,1977,Annie Hall,Update
tf0075784,1977,A Bridge Too Far,Update
tf0075860,1977,Close Encounters of the Third Kind,Update
tf0076141,1977,High Anxiety,Update
tf0076245,1977,Julia,Update
tk0076759,1977,Star Wars,Update
tf0076759,1977,Star Wars,Update
tf0077402,1978,Dawn of the Dead,Update
tf0077405,1978,Days of Heaven,Update
tf0077416,1978,The Deer Hunter,Update
tf0077631,1978,Grease,Update
tf0077651,1978,Halloween,Update
tf0077713,1978,I Spit on Your Grave,Update
tf0077975,1978,Animal House,Update
tf0078346,1978,Superman,Update
tf0078748,1979,Alien,Update
tf0078767,1979,The Amityville Horror,Update
tf0078788,1979,Apocalypse Now,Update
tf0079574,1979,Moonraker,Update
tf0079945,1979,Star Trek: The Motion Picture,Update
tf0080339,1980,Airplane!,Update
tf0080455,1980,The Blues Brothers,Update
tf0080492,1980,Can&#39;t Stop the Music,Update
tf0080684,1980,Star Wars: Episode V - The Empire Strikes Back,Update
tf0080716,1980,Fame,Update
tf0080745,1980,Flash Gordon,Update
tf0080749,1980,The Fog,Update
tf0080761,1980,Friday the 13th,Update
tf0080855,1980,Heaven&#39;s Gate,Update
tf0081375,1980,Private Benjamin,Update
tf0081398,1980,Raging Bull,Update
tf0081505,1980,The Shining,Update
tf0081534,1980,Somewhere in Time,Update
tf0081573,1980,Superman II,Update
tf0081633,1981,Time Bandits,Update
tf0082096,1981,Das Boot,Update
tf0082198,1982,Conan the Barbarian,Update
tf0082340,1981,Escape from New York,Update
tf0082418,1981,Friday the 13th Part 2,Update
tf0082495,1981,Halloween II,Update
tf0082509,1981,Heavy Metal,Update
tf0082517,1981,History of the World: Part I,Update
tf0082971,1981,Raiders of the Lost Ark,Update
tf0083642,1982,The Best Little Whorehouse in Texas,Update
tf0083658,1982,Blade Runner,Update
tf0083722,1982,Cat People,Update
tf0083833,1982,Diner,Update
tf0083866,1982,E.T.: The Extra-Terrestrial,Update
tf0083907,1981,The Evil Dead,Update
tf0083929,1982,Fast Times at Ridgemont High,Update
tf0083944,1982,First Blood,Update
tf0083972,1982,Friday the 13th Part III,Update
tf0084516,1982,Poltergeist,Update
tf0084522,1982,Porky&#39;s,Update
tf0084726,1982,Star Trek: The Wrath of Khan,Update
tf0084805,1982,Tootsie,Update
tf0084827,1982,TRON,Update
tf0085549,1983,Flashdance,Update
tf0086190,1983,Star Wars: Episode VI - Return of the Jedi,Update
tf0086393,1983,Superman III,Update
tf0086541,1983,Videodrome,Update
tf0086567,1983,WarGames,Update
tf0086879,1984,Amadeus,Update
tf0086960,1984,Beverly Hills Cop,Update
tf0086984,1984,Body Double,Update
tf0087078,1984,Conan the Destroyer,Update
tf0087182,1984,Dune,Update
tf0087298,1984,Friday the 13th Part IV: The Final Chapter,Update
tf0087332,1984,Ghostbusters,Update
tf0087363,1984,Gremlins,Update
tf0087469,1984,Indiana Jones and the Temple of Doom,Update
tf0087538,1984,The Karate Kid,Update
tf0087800,1984,A nightmare on Elm Street,Update
tf0087928,1984,Police Academy,Update
tf0087995,1984,Repo Man,Update
tf0088161,1984,Splash,Update
tf0088170,1984,Star Trek III: The Search for Spock,Update
tf0088247,1984,The Terminator,Update
tf0088763,1985,Back to the Future,Update
tf0088846,1985,Brazil,Update
tf0088939,1985,The Color Purple,Update
tf0088944,1985,Commando,Update
tf0088993,1985,Day of the Dead,Update
tf0089457,1985,Ladyhawke,Update
tf0089469,1985,Legend,Update
tf0089893,1985,Red Sonja,Update
tf0089908,1985,Return to Oz,Update
tf0090555,1986,Crocodile Dundee,Update
tf0090605,1986,Aliens,Update
tf0090848,1986,The Clan of the Cave Bear,Update
tf0091203,1986,Highlander,Update
tf0091225,1986,Howard The Duck,Update
tf0091419,1986,Little Shop of Horrors,Update
tf0091578,1985,My Beautiful Laundrette,Update
tf0091738,1986,Peggy Sue Got Married,Update
tf0091763,1986,Platoon,Update
tf0092005,1986,Stand By Me,Update
tf0092099,1986,Top Gun,Update
tf0092644,1987,Beverly Hills Cop II,Update
tf0092675,1988,Bloodsport,Update
tf0092991,1987,Evil Dead II,Update
tf0093010,1987,Fatal Attraction,Update
tf0093105,1987,"Good Morning, Vietnam",Update
tf0093177,1987,Hellraiser,Update
tf0093389,1987,The Last Emperor,Update
tf0093409,1987,Lethal Weapon,Update
tf0093437,1987,The Lost Boys,Update
tf0093773,1987,Predator,Update
tf0093779,1987,The Princess Bride,Update
tf0093818,1987,Radio Days,Update
tf0093870,1987,RoboCop,Update
tf0094012,1987,Spaceballs,Update
tf0094074,1987,Superman IV: The Quest for Peace,Update
tf0094612,1988,Action Jackson,Update
tf0094625,1988,Akira,Update
tf0094721,1988,Beetle Juice,Update
tf0094862,1988,Child&#39;s Play,Update
tf0094947,1988,Dangerous Liaisons,Update
tf0095016,1988,Die Hard,Update
tf0095489,1988,The Land Before Time,Update
tf0095497,1988,The Last Temptation of Christ,Update
tf0095631,1988,Midnight Run,Update
tf0095687,1988,My Stepmother Is an Alien,Update
tf0095690,1988,Mystic Pizza,Update
tf0095889,1988,Poltergeist III,Update
tf0095953,1988,Rain Man,Update
tf0096061,1988,Scrooged,Update
tf0096256,1988,They Live,Update
tf0096320,1988,Twins,Update
tf0096438,1988,Who Framed Roger Rabbit,Update
tf0096487,1988,Young Guns,Update
tf0096754,1989,The Abyss,Update
tf0096874,1989,Back to the Future Part II,Update
tf0096895,1989,Batman,Update
tf0096928,1989,Bill &amp; Ted&#39;s Excellent Adventure,Update
tf0097165,1989,Dead Poets Society,Update
tf0097499,1989,Henry V,Update
tf0097576,1989,Indiana Jones and the Last Crusade,Update
tf0097742,1989,Licence to Kill,Update
tf0097815,1989,Major League,Update
tf0098206,1989,Road House,Update
tf0098382,1989,Star Trek V: The Final Frontier,Update
tf0098519,1989,Troop Beverly Hills,Update
tf0098546,1989,UHF,Update
tf0098724,1989,"Sex, Lies, and Videotape",Update
tf0099088,1990,Back to the Future Part III,Update
tf0099253,1990,Child&#39;s Play 2,Update
tf0099423,1990,Die Hard 2,Update
tf0099487,1990,Edward Scissorhands,Update
tf0099582,1990,Flatliners,Update
tf0099653,1990,Ghost,Update
tf0099685,1990,Goodfellas,Update
tf0099785,1990,Home Alone,Update
tf0099810,1990,The Hunt for Red October,Update
tf0099817,1990,Dark Angel (I Come in Peace),Update
tf0100263,1990,Nikita,Update
tf0100403,1990,Predator 2,Update
tf0100405,1990,Pretty Woman,Update
tf0100802,1990,Total Recall,Update
tf0100814,1990,Tremors,Update
tf0101272,1991,The Addams Family,Update
tf0101414,1991,Beauty and the Beast,Update
tf0101452,1991,Bill &amp; Ted&#39;s Bogus Journey,Update
tf0102057,1991,Hook,Update
tf0102070,1991,Hudson Hawk,Update
tf0102510,1991,The Naked Gun 2 1/2: The Smell of Fear,Update
tf0102798,1991,Robin Hood: Prince of Thieves,Update
tf0102926,1991,The Silence of the Lambs,Update
tf0102943,1991,Slacker,Update
tf0102975,1991,Star Trek VI: The Undiscovered Country,Update
tf0103060,1991,Teenage Mutant Ninja Turtles II: The Secret of the Ooze,Update
tf0103064,1991,Terminator 2: Judgement Day,Update
tf0103247,1991,White Fang,Update
tf0103639,1992,Aladdin,Update
tf0103644,1992,Alien 3,Update
tf0103776,1992,Batman Returns,Update
tf0103893,1992,Buffy the Vampire Slayer,Update
tf0104036,1992,The Crying Game,Update
tf0104070,1992,Death Becomes Her,Update
tf0104257,1992,A Few Good Men,Update
tf0104348,1992,Glengarry Glen Ross,Update
tf0104412,1992,Hero,Update
tf0104431,1992,Home Alone 2: Lost in New York,Update
tf0104694,1992,A League of Their Own,Update
tf0104797,1992,Malcolm X,Update
tf0104815,1992,El Mariachi,Update
tf0104868,1992,The Mighty Ducks,Update
tf0104940,1992,The Muppet Christmas Carol,Update
tf0104952,1992,My Cousin Vinny,Update
tf0105151,1992,The Player,Update
tf0105236,1992,Reservoir Dogs,Update
tf0105793,1992,Wayne&#39;s World,Update
tf0106226,1993,The Age of Innocence,Update
tf0106308,1992,Army of Darkness,Update
tf0106582,1993,Cliffhanger,Update
tf0106611,1993,Cool Runnings,Update
tf0106677,1993,Dazed and Confused,Update
tf0106977,1993,The Fugitive,Update
tf0107007,1993,Gettysburg,Update
tf0107048,1993,Groundhog Day,Update
tf0107120,1993,Hocus Pocus,Update
tf0107290,1993,Jurassic Park,Update
tf0107614,1993,Mrs. Doubtfire,Update
tf0107943,1993,The Remains of the Day,Update
tf0108052,1993,Schindler&#39;s List,Update
tf0108255,1993,Super Mario Bros.,Update
tf0108358,1993,Tombstone,Update
tf0109040,1994,Ace Ventura: Pet Detective,Update
tf0109254,1994,Beverly Hills Cop III,Update
tf0109445,1994,Clerks.,Update
tf0109446,1994,The Client,Update
tf0109504,1994,Crooklyn,Update
tf0109686,1994,Dumb &amp; Dumber,Update
tf0109707,1994,Ed Wood,Update
tf0109830,1994,Forrest Gump,Update
tf0110074,1994,The Hudsucker Proxy,Update
tf0110322,1994,Legends of the Fall,Update
tf0110357,1994,The Lion King,Update
tf0110367,1994,Little Women,Update
tf0110475,1994,The Mask,Update
tf0110622,1994,Naked Gun 33 1/3: The Final Insult,Update
tf0110857,1994,Police Academy: Mission to Moscow,Update
tf0110889,1994,Priest,Update
tf0110912,1994,Pulp Fiction,Update
tf0111070,1994,The Santa Clause,Update
tf0111143,1994,The Shadow,Update
tf0111161,1994,The Shawshank Redemption,Update
tf0111255,1994,The Specialist,Update
tf0111257,1994,Speed,Update
tf0111282,1994,Stargate,Update
tf0111301,1994,Street Fighter,Update
tf0111438,1994,Timecop,Update
tf0111503,1994,True Lies,Update
tf0112130,1995,Pride and Prejudice,Update
tf0112346,1995,The American President,Update
tf0112384,1995,Apollo 13,Update
tf0112389,1993,The Princess and the Cobbler,Update
tf0112401,1995,Assassins,Update
tf0112462,1995,Batman Forever,Update
tf0112471,1995,Before Sunrise,Update
tf0112573,1995,Braveheart,Update
tf0112579,1995,The Bridges of Madison County,Update
tf0112641,1995,Casino,Update
tf0112642,1995,Casper,Update
tf0112697,1995,Clueless,Update
tf0112715,1995,Congo,Update
tf0112722,1995,Copycat,Update
tf0112864,1995,Die Hard: With a Vengeance,Update
tf0113101,1995,Four rooms,Update
tf0113321,1995,Home for the holidays,Update
tf0113416,1995,The Incredibly True Adventures of Two Girls in Love,Update
tf0113497,1995,Jumanji,Update
tf0113749,1995,Mallrats,Update
tf0113855,1995,Mortal Kombat,Update
tf0113957,1995,The Net,Update
tf0114069,1995,Outbreak,Update
tf0114148,1995,Pocahontas,Update
tf0114214,1995,The Quick and the Dead,Update
tf0114319,1995,Sabrina,Update
tf0114323,1995,Safe,Update
tf0114369,1995,Se7en,Update
tf0114388,1995,Sense and Sensibility,Update
tf0114436,1995,Showgirls,Update
tf0114508,1995,Species,Update
tf0114614,1995,Tank Girl,Update
tf0114709,1995,Toy Story,Update
tf0114746,1995,Twelve Monkeys,Update
tf0114814,1995,The Usual Suspects,Update
tf0114898,1995,Waterworld,Update
tf0114906,1995,Welcome to the Dollhouse,Update
tf0115591,1996,August,Update
tf0115736,1996,Bound,Update
tf0115759,1996,Broken Arrow,Update
tf0115798,1996,The Cable Guy,Update
tf0115856,1996,When the Cat&#39;s Away,Update
tf0115857,1996,Chain Reaction,Update
tf0115963,1996,The Craft,Update
tf0116136,1996,DragonHeart,Update
tf0116191,1996,Emma,Update
tf0116209,1996,The English Patient,Update
tf0116225,1996,Escape from L.A.,Update
tf0116260,1996,Eye for an Eye,Update
tf0116277,1996,The Fan,Update
tf0116282,1996,Fargo,Update
tf0116313,1996,The First Wives Club,Update
tf0116361,1996,Freeway,Update
tf0116367,1996,From Dusk Till Dawn,Update
tf0116421,1996,The Glimmer Man,Update
tf0116477,1996,Hamlet,Update
tf0116493,1996,Harriet the Spy,Update
tf0116583,1996,The Hunchback of Notre Dame,Update
tf0116629,1996,Independence Day,Update
tf0116705,1996,Jingle All the Way,Update
tf0116778,1996,Kingpin,Update
tf0116908,1996,The Long Kiss Goodnight,Update
tf0116931,1996,Love and Other Catastrophes,Update
tf0116996,1996,Mars Attacks!,Update
tf0117057,1996,The Mirror Has Two Faces,Update
tf0117060,1996,Mission: Impossible,Update
tf0117500,1996,The Rock,Update
tf0117509,1996,Romeo + Juliet,Update
tf0117571,1996,Scream,Update
tf0117589,1996,Secrets &amp; Lies,Update
tf0117603,1996,Set It Off,Update
tf0117705,1996,Space Jam,Update
tf0117723,1996,Spy Hard,Update
tf0117731,1996,Star Trek: First Contact,Update
tf0117765,1996,Striptease,Update
tf0117887,1996,That Thing You Do!,Update
tf0117951,1996,Trainspotting,Update
tf0117998,1996,Twister,Update
tf0118113,1996,Walking and Talking,Update
tf0118570,1997,Air Bud,Update
tf0118571,1997,Air Force One,Update
tf0118583,1997,Alien: Resurrection,Update
tf0118617,1997,Anastasia,Update
tf0118655,1997,Austin Powers: International Man of Mystery,Update
tf0118661,1998,The Avengers,Update
tf0118688,1997,Batman &amp; Robin,Update
tf0118715,1998,The Big Lebowski,Update
tf0118749,1997,Boogie Nights,Update
tf0118789,1998,Buffalo &#39;66,Update
tf0118829,1997,Cats Don&#39;t Dance,Update
tf0118842,1997,Chasing Amy,Update
tf0118866,1997,Clockwatchers,Update
tf0118880,1997,Con Air,Update
tf0118883,1997,Conspiracy Theory,Update
tf0118884,1997,Contact,Update
tf0118929,1998,Dark City,Update
tf0118971,1997,The Devil&#39;s Advocate,Update
tf0119080,1997,Eve&#39;s Bayou,Update
tf0119081,1997,Event Horizon,Update
tf0119114,1997,Fever Pitch,Update
tf0119116,1997,The Fifth Element,Update
tf0119137,1997,Flubber,Update
tf0119173,1997,G.I. Jane,Update
tf0119174,1997,The Game,Update
tf0119177,1997,Gattaca,Update
tf0119190,1997,George of the Jungle,Update
tf0119217,1997,Good Will Hunting,Update
tf0119229,1997,Grosse Pointe Blank,Update
tf0119282,1997,Hercules,Update
tf0119313,1998,Hope Floats,Update
tf0119345,1997,I Know What You Did Last Summer,Update
tf0119361,1997,In the Company of Men,Update
tf0119396,1997,Jackie Brown,Update
tf0119468,1997,Kiss the Girls,Update
tf0119488,1997,L.A. Confidential,Update
tf0119528,1997,Liar Liar,Update
tf0119567,1997,The Lost World: Jurassic Park,Update
tf0119654,1997,Men in Black,Update
tf0119698,1997,Mononoke-hime,Update
tf0119707,1997,Mortal Kombat: Annihilation,Update
tf0119738,1997,My Best Friend&#39;s Wedding,Update
tf0119822,1997,As Good as It Gets,Update
tf0119874,1997,The Peacemaker,Update
tf0119925,1997,The Postman,Update
tf0119942,1998,Primary Colors,Update
tf0120082,1997,Scream 2,Update
tf0120094,1997,Selena,Update
tf0120108,1998,The Proposition,Update
tf0120133,1997,A Simple Wish,Update
tf0120148,1998,Sliding Doors,Update
tf0120152,1997,Smilla&#39;s Sense of Snow,Update
tf0120177,1997,Spawn,Update
tf0120184,1998,Sphere,Update
tf0120201,1997,Starship Troopers,Update
tf0120321,1998,Smoke Signals,Update
tf0120338,1997,Titanic,Update
tf0120363,1999,Toy Story 2,Update
tf0120382,1998,The Truman Show,Update
tf0120458,1999,Virus,Update
tf0120461,1997,Volcano,Update
tf0120577,1998,54,Update
tf0120586,1998,American History X,Update
tf0120591,1998,Armageddon,Update
tf0120601,1999,Being John Malkovich,Update
tf0120603,1998,Beloved,Update
tf0120611,1998,Blade,Update
tf0120616,1999,The Mummy,Update
tf0120623,1998,A Bug&#39;s Life,Update
tf0120630,2000,Chicken Run,Update
tf0120631,1998,Ever After,Update
tf0120647,1998,Deep Impact,Update
tf0120655,1999,Dogma,Update
tf0120657,1999,The 13th Warrior,Update
tf0120660,1998,Enemy of the State,Update
tf0120663,1999,Eyes Wide Shut,Update
tf0120667,2005,Fantastic Four,Update
tf0120669,1998,Fear and Loathing in Las Vegas,Update
tf0120679,2002,Frida,Update
tf0120681,2001,From Hell,Update
tf0120685,1998,Godzilla,Update
tf0120686,1998,Stepmom,Update
tf0120689,1999,The Green Mile,Update
tf0120694,1998,Halloween H20: 20 Years Later,Update
tf0120735,1998,"Lock, Stock and Two Smoking Barrels",Update
tf0120737,2001,The Lord of the Rings: The Fellowship of the Ring,Update
tf0120738,1998,Lost in Space,Update
tf0120744,1998,The Man in the Iron Mask,Update
tf0120746,1998,The Mask of Zorro,Update
tf0120749,1998,Mercury Rising,Update
tf0120762,1998,Mulan,Update
tf0120768,1998,The Negotiator,Update
tf0120780,1998,Out of Sight,Update
tf0120784,1999,Payback,Update
tf0120791,1998,Practical Magic,Update
tf0120794,1998,The Prince of Egypt,Update
tf0120800,1998,Quest for Camelot,Update
tf0120804,2002,Resident Evil,Update
tf0120812,1998,Rush Hour,Update
tf0120813,1998,Safe Men,Update
tf0120815,1998,Saving Private Ryan,Update
tf0120828,1998,Six Days Seven Nights,Update
tf0120831,1998,Slums of Beverly Hills,Update
tf0120844,1998,Star Trek: Insurrection,Update
tf0120855,1999,Tarzan,Update
tf0120863,1998,The Thin Red Line,Update
tf0120877,1998,Vampires (John Carpenter&#39;s),Update
tf0120879,1998,Velvet Goldmine,Update
tf0120890,1998,Wild Things,Update
tf0120891,1999,Wild Wild West,Update
tf0120903,2000,X-Men,Update
tf0120912,2002,Men in Black II,Update
tf0120913,2000,Titan A.E.,Update
tf0120915,1999,Star Wars: Episode I - The Phantom Menace,Update
tf0120917,2000,The Emperor&#39;s New Groove,Update
tf0121164,2005,Corpse Bride,Update
tf0121765,2002,Star Wars: Episode II - Attack of the Clones,Update
tf0121766,2005,Star Wars: Episode III - Revenge of the Sith,Update
tf0122459,2000,Return to Me,Update
tf0122718,1998,Small Soldiers,Update
tf0122933,1999,Analyze This,Update
tf0124819,1997,Orgazmo,Update
tf0125439,1999,Notting Hill,Update
tf0126029,2001,Shrek,Update
tf0126886,1999,Election,Update
tf0126916,1999,For Love of the Game,Update
tf0127536,1998,Elizabeth,Update
tf0128442,1998,Rounders,Update
tf0128445,1998,Rushmore,Update
tf0128853,1998,You&#39;ve Got Mail,Update
tf0128996,1997,Cinderella,Update
tf0129167,1999,The Iron Giant,Update
tf0129332,1999,Ravenous,Update
tf0129387,1998,There&#39;s Something About Mary,Update
tf0130827,1998,Run Lola Run,Update
tf0131646,1999,Wing Commander,Update
tf0132347,1999,Mystery Men,Update
tf0133093,1999,The Matrix,Update
tf0133240,2002,Treasure Planet,Update
tf0133751,1998,The Faculty,Update
tf0134084,2000,Scream 3,Update
tf0134119,1999,The Talented Mr. Ripley,Update
tf0134273,1999,8MM,Update
tf0134619,1998,Disturbing Behavior,Update
tf0134847,2000,Pitch Black,Update
tf0137523,1999,Fight Club,Update
tf0138097,1998,Shakespeare in Love,Update
tf0138704,1998,Pi,Update
tf0138749,2000,The Road to El Dorado,Update
tf0139134,1999,Cruel Intentions,Update
tf0139239,1999,Go!,Update
tf0139654,2001,Training Day,Update
tf0142032,2000,Dune,Update
tf0144084,2000,American Psycho,Update
tf0144117,1999,The Boondock Saints,Update
tf0144120,1998,Bride of Chucky,Update
tf0144168,1999,Dick,Update
tf0144640,1999,Three to Tango,Update
tf0144814,1999,Carrie 2: The Rage,Update
tf0145487,2002,Spider-Man,Update
tf0145660,1999,Austin Powers: The Spy Who Shagged Me,Update
tf0146309,2000,Thirteen days,Update
tf0146316,2001,Lara Croft: Tomb Raider,Update
tf0146336,1998,Urban Legend,Update
tf0146882,2000,High Fidelity,Update
tf0147004,1998,Little Voice,Update
tf0147612,1998,Happiness,Update
tf0147800,1999,10 Things I Hate About You,Update
tf0149691,1999,Anywhere But Here,Update
tf0151568,1999,Topsy-Turvy,Update
tf0151804,1999,Office Space,Update
tf0154420,1998,Festen (The Celebration),Update
tf0155711,1999,Flawless,Update
tf0155776,1999,Jawbreaker,Update
tf0157503,1999,Drop Dead Gorgeous,Update
tf0158811,1999,Muppets From Space,Update
tf0158983,1999,South Park: Bigger Longer &amp; Uncut,Update
tf0159365,2003,Cold Mountain,Update
tf0160127,2000,Charlie&#39;s Angels,Update
tf0160399,2001,Impostor,Update
tf0161081,2000,What Lies Beneath,Update
tf0161860,2001,Nowhere in Africa,Update
tf0162222,2000,Cast Away,Update
tf0162346,2001,Ghost World,Update
tf0162661,1999,Sleepy Hollow,Update
tf0162973,1998,Get Real,Update
tf0163651,1999,American Pie,Update
tf0163978,2000,The Beach,Update
tf0164052,2000,Hollow Man,Update
tf0164334,2001,Along Came A Spider,Update
tf0164912,1999,Stuart Little,Update
tf0165643,1999,Black and White,Update
tf0165929,2000,Romeo Must Die,Update
tf0165982,2003,Sinbad: Legend of the Seven Seas,Update
tf0166276,2001,Monkeybone,Update
tf0166485,1999,Anna and the King,Update
tf0166813,2002,Spirit: Stallion of the Cimarron,Update
tf0166924,2001,Mulholland Dr.,Update
tf0167190,2004,Hellboy,Update
tf0167260,2003,The Lord of the Rings: The Return of the King,Update
tf0167261,2002,The Lord of the Rings: The Two Towers,Update
tf0167404,1999,The Sixth Sense,Update
tf0168629,2000,Dancer in the Dark,Update
tf0168786,2002,Antwone Fisher,Update
tf0169547,1999,American Beauty,Update
tf0171363,1999,The Haunting,Update
tf0171804,1999,Boys Don&#39;t Cry,Update
tf0172493,1999,"Girl, Interrupted",Update
tf0172495,2000,Gladiator,Update
tf0173716,2000,Cecil B. Demented,Update
tf0175880,1999,Magnolia,Update
tf0177789,1999,Galaxy Quest,Update
tf0179116,1999,But I&#39;m a Cheerleader,Update
tf0180052,2002,The Adventures of Pluto Nash,Update
tf0180093,2000,Requiem for a Dream,Update
tf0181316,1999,Blue Streak,Update
tf0181689,2002,Minority Report,Update
tf0181739,2001,Osmosis Jones,Update
tf0181852,2003,Terminator 3: Rise of the Machines,Update
tf0181875,2000,Almost Famous,Update
tf0181984,2000,Boiler Room,Update
tf0182508,2000,Urbania,Update
tf0183523,2000,Mission to Mars,Update
tf0183649,2002,Phone Booth,Update
tf0183790,2001,A Knight&#39;s Tale,Update
tf0184894,2000,Shanghai Noon,Update
tf0185431,2000,Little Nicky,Update
tf0185937,1999,The Blair Witch Project,Update
tf0187078,2000,Gone in Sixty Seconds,Update
tf0187393,2000,The Patriot,Update
tf0187738,2002,Blade II,Update
tf0190138,2000,The Whole Nine Yards,Update
tf0190332,2000,"Wo hu cang long (Crouching Tiger, Hidden Dragon)",Update
tf0190590,2000,"O Brother, Where Art Thou?",Update
tf0190641,1999,Pocket Monsters: Mewtwo Strikes Back!,Update
tf0190865,2000,Vertical Limit,Update
tf0191754,2000,28 Days,Update
tf0195234,2000,Saving Grace,Update
tf0195685,2000,Erin Brockovich,Update
tf0195714,2000,Final Destination,Update
tf0196229,2001,Zoolander,Update
tf0198021,2000,Where the Heart Is,Update
tf0198781,2001,"Monsters, Inc.",Update
tf0199626,2003,In the Cut,Update
tf0199725,2000,Love &amp; Basketball,Update
tf0199753,2000,Red Planet,Update
tf0200465,2008,The Bank Job,Update
tf0200550,2000,Coyote Ugly,Update
tf0202677,2000,The Way of the Gun,Update
tf0203009,2001,Moulin Rouge!,Update
tf0203119,2000,Sexy Beast,Update
tf0204946,2000,Bring It On,Update
tf0206275,2001,Save the Last Dance,Update
tf0206634,2006,Children of Men,Update
tf0207201,2000,What Women Want,Update
tf0208092,2000,Snatch.,Update
tf0209144,2000,Memento,Update
tf0209475,2001,The Wedding Planner,Update
tf0209958,2000,The Cell,Update
tf0210299,2000,Songcatcher,Update
tf0210616,2000,Center Stage,Update
tf0210945,2000,Remember the Titans,Update
tf0211443,2001,Jason X,Update
tf0212338,2000,Meet the Parents,Update
tf0212346,2000,Miss Congeniality,Update
tf0212712,2004,2046,Update
tf0212720,2001,Artificial Intelligence: AI,Update
tf0212985,2001,Hannibal,Update
tf0213149,2001,Pearl Harbor,Update
tf0213203,2000,Rugrats in Paris:,Update
tf0217505,2002,Gangs of New York,Update
tf0217869,2000,Unbreakable,Update
tf0218817,2001,Antitrust,Update
tf0218839,2000,Best in Show,Update
tf0219699,2000,The Gift,Update
tf0221027,2001,Blow,Update
tf0221218,2001,The Glass House,Update
tf0221889,2000,Beautiful Creatures,Update
tf0227538,2001,Spy Kids,Update
tf0230011,2001,Atlantis: The Lost Empire,Update
tf0230600,2001,The Others,Update
tf0232500,2001,The Fast and the Furious,Update
tf0234215,2003,The Matrix Reloaded,Update
tf0236348,2001,Josie and the Pussycats,Update
tf0238380,2002,Equilibrium,Update
tf0238546,2002,Queen of the Damned,Update
tf0238924,2002,The Dangerous Lives of Altar Boys,Update
tf0240200,2005,Water,Update
tf0240462,2001,Dr. Dolittle 2,Update
tf0240772,2001,Ocean&#39;s Eleven,Update
tf0241303,2000,Chocolat,Update
tf0241527,2001,Harry Potter and the Sorcerer&#39;s Stone,Update
tf0242423,2000,"Dude, Where&#39;s My Car",Update
tf0242587,2001,L.I.E.,Update
tf0242653,2003,The Matrix Revolutions,Update
tf0242998,2001,Valentine,Update
tf0243155,2001,Bridget Jones&#39;s Diary,Update
tf0244000,2001,American Outlaws,Update
tf0244970,2001,Someone Like You...,Update
tf0245674,2001,Thir13en Ghosts,Update
tf0246460,2002,Die Another Day,Update
tf0246578,2001,Donnie Darko,Update
tf0247638,2001,The Princess Diaries,Update
tf0247745,2001,Super Troopers,Update
tf0248845,2001,Hedwig and the Angry Inch,Update
tf0249462,2000,Billy Elliot,Update
tf0250494,2001,Legally Blonde,Update
tf0251075,2001,Evolution,Update
tf0251127,2003,How to Lose a Guy in 10 Days,Update
tf0252076,2002,Maid in Manhattan,Update
tf0252444,2002,Rabbit-Proof Fence,Update
tf0253126,2001,High Heels and Low Lifes,Update
tf0253556,2002,Reign of Fire,Update
tf0253754,2002,Star Trek: Nemesis,Update
tf0253867,2002,The Sweetest Thing,Update
tf0256380,2001,Shallow Hal,Update
tf0257001,2000,Pokemon: The Movie 2000,Update
tf0257076,2003,S.W.A.T.,Update
tf0257360,2002,About Schmidt,Update
tf0257516,2005,Cursed,Update
tf0257756,2002,High Crimes,Update
tf0258000,2002,Panic Room,Update
tf0258068,2002,The Quiet American,Update
tf0258273,2001,Lovely and Amazing,Update
tf0258463,2002,The Bourne Identity,Update
tf0259446,2002,My Big Fat Greek Wedding,Update
tf0259711,2001,Vanilla Sky,Update
tf0260866,2001,Don&#39;t Say A Word,Update
tf0261392,2001,Jay and Silent Bob Strike Back,Update
tf0263488,2001,Jeepers Creepers,Update
tf0264464,2002,Catch Me If You Can,Update
tf0264761,2001,Kissing Jessica Stein,Update
tf0265086,2001,Black Hawk Down,Update
tf0265343,2001,Monsoon Wedding,Update
tf0265666,2001,The Royal Tenenbaums,Update
tf0266452,2002,Death to Smoochy,Update
tf0266543,2003,Finding Nemo,Update
tf0266697,2003,Kill Bill: Vol. 1,Update
tf0267804,2001,The One,Update
tf0267913,2002,Scooby-Doo,Update
tf0268126,2002,Adaptation,Update
tf0268380,2002,Ice Age,Update
tf0268978,2001,A Beautiful Mind,Update
tf0268995,2001,The Majestic,Update
tf0271027,2001,Kiss of the Dragon,Update
tf0274558,2002,The Hours,Update
tf0275022,2002,Crossroads,Update
tf0275847,2002,Lilo and Stitch,Update
tf0277434,2002,We Were Soldiers,Update
tf0278500,2002,The Importance of Being Earnest,Update
tf0278504,2002,Insomnia,Update
tf0279113,2002,The Good Girl,Update
tf0280460,2002,The Banger Sisters,Update
tf0280590,2002,Mr Deeds,Update
tf0280707,2001,Gosford Park,Update
tf0280760,2002,Igby Goes Down,Update
tf0281373,2002,Snow Dogs,Update
tf0282209,2003,Darkness Falls,Update
tf0283003,2002,Spun,Update
tf0283084,2002,Tuck Everlasting,Update
tf0283139,2002,White Oleander,Update
tf0283426,2003,The Jungle Book 2,Update
tf0283503,2007,Brooklyn Rules,Update
tf0283832,2002,8 femmes,Update
tf0285531,2003,Dreamcatcher,Update
tf0286106,2002,Signs,Update
tf0286112,2001,Shaolin Soccer,Update
tf0286244,2003,Les triplettes de Belleville,Update
tf0286261,2002,All or Nothing,Update
tf0286499,2002,Bend It Like Beckham,Update
tf0286716,2003,Hulk,Update
tf0287717,2002,Spy Kids 2: Island of Lost Dreams,Update
tf0287978,2003,Daredevil,Update
tf0289043,2002,28 Days Later...,Update
tf0289408,2002,The Powerpuff Girls,Update
tf0289765,2002,Red Dragon,Update
tf0289879,2004,The Butterfly Effect,Update
tf0290095,2002,The Tuxedo,Update
tf0290334,2003,X2 (X-Men 2),Update
tf0290879,2001,The Legend of Suriyothai,Update
tf0292644,2002,The Rules of Attraction,Update
tf0293508,2004,The Phantom of the Opera,Update
tf0293662,2002,The Transporter,Update
tf0294870,2005,Rent,Update
tf0295178,2002,Austin Powers in Goldmember,Update
tf0295297,2002,Harry Potter and the Chamber of Secrets,Update
tf0295700,2003,Wrong Turn,Update
tf0295701,2002,xXx,Update
tf0296166,2002,Real Women Have Curves,Update
tf0296572,2004,The Chronicles of Riddick,Update
tf0297181,2002,I Spy,Update
tf0297884,2002,Far from Heaven,Update
tf0298130,2002,The Ring,Update
tf0298148,2004,Shrek 2,Update
tf0298203,2002,8 Mile,Update
tf0298228,2002,Whale Rider,Update
tf0298814,2003,The Core,Update
tf0299172,2004,Home on the Range,Update
tf0299658,2002,Chicago,Update
tf0300471,2003,Shanghai Knights,Update
tf0300532,2002,Blue Crush,Update
tf0300556,2003,Timeline,Update
tf0301357,2003,Goodbye Lenin!,Update
tf0301470,2003,Jeepers Creepers II,Update
tf0302674,2002,Gerry,Update
tf0303361,2002,May,Update
tf0303816,2002,Cabin Fever,Update
tf0303933,2002,Drumline,Update
tf0304141,2004,Harry Potter and the Prisoner of  Azkaban,Update
tf0304415,2003,Mona Lisa Smile,Update
tf0304669,2002,The Santa Clause 2,Update
tf0305357,2003,Charlie&#39;s Angels: Full Throttle,Update
tf0306047,2003,Scary Movie 3,Update
tf0306685,2003,Cradle 2 the Grave,Update
tf0307453,2004,Shark Tale,Update
tf0307479,2002,Solaris,Update
tf0307901,2002,25th Hour,Update
tf0308644,2004,Finding Neverland,Update
tf0309593,2003,Final Destination 2,Update
tf0309698,2003,Identity,Update
tf0310778,2003,Bon voyage,Update
tf0311113,2003,Master and Commander: The Far Side of the World,Update
tf0311289,2003,Holes,Update
tf0311429,2003,The League of Extraordinary Gentlemen,Update
tf0311648,1993,Pieces of April,Update
tf0313737,2002,Two Weeks Notice,Update
tf0314331,2003,Love Actually,Update
tf0315327,2003,Bruce Almighty,Update
tf0315733,2003,21 grams,Update
tf0315983,2003,House of Sand and Fog,Update
tf0316396,2003,Peter Pan,Update
tf0316654,2004,Spider-Man 2,Update
tf0317198,2004,Bridget Jones: The Edge of Reason,Update
tf0317219,2006,Cars,Update
tf0317303,2003,Daddy Day Care,Update
tf0317705,2004,The Incredibles,Update
tf0317740,2003,The Italian Job,Update
tf0318627,2004,Resident Evil: Apocalypse,Update
tf0319061,2003,Big Fish,Update
tf0319262,2004,The Day After Tomorrow,Update
tf0319970,2002,Carrie,Update
tf0320661,2005,Kingdom of Heaven,Update
tf0320691,2003,Underworld,Update
tf0322259,2003,2 Fast 2 Furious,Update
tf0322330,2003,Freaky Friday,Update
tf0323944,2003,Shattered Glass,Update
tf0324133,2003,Swimming Pool,Update
tf0325703,2003,Lara Croft Tomb Raider: The Cradle of Life,Update
tf0325710,2003,The Last Samurai,Update
tf0325980,2003,Pirates of the Caribbean: The Curse of the Black Pearl,Update
tf0327056,2003,Mystic River,Update
tf0327137,2003,Secondhand Lions,Update
tf0327162,2004,The Stepford Wives,Update
tf0327247,2004,The Whole Ten Yards,Update
tf0327437,2004,Around the World in 80 Days,Update
tf0327554,2004,Catwoman,Update
tf0327597,2009,Coraline,Update
tf0327679,2004,Ella Enchanted,Update
tf0327753,2002,Funny Ha Ha,Update
tf0328538,2003,Thirteen,Update
tf0329717,2003,Hollywood Homicide,Update
tf0330373,2005,Harry Potter and the Goblet of Fire,Update
tf0331933,2005,Man of the House,Update
tf0332280,2004,The Notebook,Update
tf0332375,2004,Saved!,Update
tf0332379,2003,The School of Rock,Update
tf0332452,2004,Troy,Update
tf0333766,2004,Garden State,Update
tf0333780,2003,"Legally Blonde 2: Red, White &amp; Blonde",Update
tf0335119,2003,Girl with a Pearl Earring,Update
tf0335266,2003,Lost In Translation,Update
tf0337563,2004,13 Going on 30,Update
tf0337741,2003,Something&#39;s Gotta Give,Update
tf0337921,2004,Cellular,Update
tf0337978,2007,Live Free or Die Hard,Update
tf0338013,2004,Eternal Sunshine of the Spotless Mind,Update
tf0338188,2003,The Missing,Update
tf0338348,2004,The Polar Express,Update
tf0338427,2005,Shopgirl,Update
tf0338459,2003,Spy Kids 3-D: Game Over,Update
tf0338526,2004,Van Helsing,Update
tf0338751,2004,The Aviator,Update
tf0339291,2004,Lemony Snicket&#39;s A Series of Unfortunate Events,Update
tf0339840,2003,Undead,Update
tf0340855,2003,Monster,Update
tf0342258,2005,Danny the dog,Update
tf0342272,2005,Dear Wendy,Update
tf0343660,2004,50 First Dates,Update
tf0343818,2004,"I, Robot",Update
tf0344510,2004,A Very Long Engagement,Update
tf0345074,2004,Connie and Carla,Update
tf0346156,2004,Sky Captain and the World of Tomorrow,Update
tf0348150,2006,Superman Returns,Update
tf0348333,2005,Waiting...,Update
tf0349416,2004,Eulogy,Update
tf0349825,2004,Miracle,Update
tf0350028,2004,Raising Helen,Update
tf0350258,2004,Ray,Update
tf0351283,2005,Madagascar,Update
tf0352248,2005,Cinderella Man,Update
tf0356470,2004,A Cinderella Story,Update
tf0356721,2004,I Heart Huckabees,Update
tf0356910,2005,Mr. &amp; Mrs. Smith,Update
tf0357110,2005,The Ballad of Jack and Rose,Update
tf0357413,2004,Anchorman: The Legend of Ron Burgundy,Update
tf0357507,2005,Boogeyman,Update
tf0358082,2005,Robots,Update
tf0358273,2005,Walk the Line,Update
tf0359423,2004,A Home at the End of The World,Update
tf0360201,2004,Wimbledon,Update
tf0360486,2005,Constantine,Update
tf0360717,2005,King Kong,Update
tf0361748,2009,Inglourious Basterds,Update
tf0362165,2005,Son of the Mask,Update
tf0362227,2004,The Terminal,Update
tf0362269,2004,Kinsey,Update
tf0362270,2004,The Life Aquatic with Steve Zissou,Update
tf0362478,2009,The Box,Update
tf0363282,2004,New York Minute,Update
tf0363547,2004,Dawn of the Dead,Update
tf0363771,2005,"The Chronicles of Narnia: The Lion, the Witch and the Wardrobe",Update
tf0363988,2004,Secret Window,Update
tf0364725,2004,Dodgeball: A True Underdog Story,Update
tf0365748,2004,Shaun of the Dead,Update
tf0365929,2009,Whiteout,Update
tf0366551,2004,Harold and Kumar Go to White Castle,Update
tf0366627,2005,The Jacket,Update
tf0366780,2005,MirrorMask,Update
tf0366920,2003,Pride and Prejudice,Update
tf0367027,2006,Shortbus,Update
tf0367089,2005,The Squid and the Whale,Update
tf0367594,2005,Charlie and the Chocolate Factory,Update
tf0367631,2004,D.E.B.S.,Update
tf0367882,2008,Indiana Jones and the Kingdom of the Crystal Skull,Update
tf0367959,2007,Hannibal Rising,Update
tf0368447,2004,The Village,Update
tf0368563,2008,Possession,Update
tf0368933,2004,The Princess Diaries 2: Royal Engagement,Update
tf0369339,2004,Collateral,Update
tf0369436,2008,Four Christmases,Update
tf0369441,2005,Fun with Dick and Jane,Update
tf0369994,2005,Strangers with Candy,Update
tf0370032,2006,Ultraviolet,Update
tf0370263,2004,AVP: Alien vs. Predator,Update
tf0371246,2004,Spanglish,Update
tf0371724,2005,The Hitchhiker&#39;s Guide to the Galaxy,Update
tf0371746,2008,Iron Man,Update
tf0372183,2004,The Bourne Supremacy,Update
tf0372532,2005,The Wedding Date,Update
tf0372588,2004,Team America: World Police,Update
tf0372784,2005,Batman Begins,Update
tf0373051,2008,Journey to the Center of the Earth,Update
tf0373074,2004,Kung Fu Hustle,Update
tf0373469,2005,Kiss Kiss Bang Bang,Update
tf0373883,2007,Halloween,Update
tf0373889,2007,Harry Potter and the Order of the Phoenix,Update
tf0374536,2005,Bewitched,Update
tf0374900,2004,Napoleon Dynamite,Update
tf0375063,2004,Sideways,Update
tf0375210,2005,White Noise,Update
tf0375568,2009,Astro Boy,Update
tf0375679,2004,Crash,Update
tf0375912,2004,Layer Cake,Update
tf0376541,2004,Closer,Update
tf0376994,2006,X-Men: The Last Stand,Update
tf0377062,2004,Flight of the Phoenix,Update
tf0377092,2004,Mean Girls,Update
tf0377107,2005,Proof,Update
tf0377109,2005,The Ring Two,Update
tf0379725,2005,Capote,Update
tf0379786,2005,Serenity,Update
tf0380510,2009,The Lovely Bones,Update
tf0380599,2005,Oliver Twist,Update
tf0381061,2006,Casino Royale,Update
tf0381681,2004,Before Sunset,Update
tf0381707,2004,White Chicks,Update
tf0381849,2007,3:10 to Yuma,Update
tf0382077,2005,Hide and Seek,Update
tf0382189,2004,My Summer of Love,Update
tf0382625,2006,The Da Vinci Code,Update
tf0382628,2005,Dark Water,Update
tf0382932,2007,Ratatouille,Update
tf0382992,2005,Stealth,Update
tf0383028,2008,"Synecdoche, New York",Update
tf0383060,2006,Zoom,Update
tf0383222,2005,BloodRayne,Update
tf0383574,2006,Pirates of the Caribbean: Dead Man&#39;s Chest,Update
tf0383694,2004,Vera Drake,Update
tf0384537,2006,Silent Hill,Update
tf0384806,2005,The Amityville Horror,Update
tf0385267,2004,In Good Company,Update
tf0385307,2005,Miss Congeniality 2: Armed &amp; Fabulous,Update
tf0385752,2007,The Golden Compass,Update
tf0385880,2006,Monster House,Update
tf0386117,2009,Where the Wild Things Are,Update
tf0386140,2005,The Legend of Zorro,Update
tf0386588,2005,Hitch,Update
tf0387131,2005,The Constant Gardener,Update
tf0387564,2004,Saw,Update
tf0388500,2005,Beauty Shop,Update
tf0388795,2005,Brokeback Mountain,Update
tf0389557,2006,Zwartboek,Update
tf0389722,2007,30 Days of Night,Update
tf0390221,2004,Maria Full of Grace,Update
tf0390384,2004,Primer,Update
tf0391198,2004,The Grudge,Update
tf0393109,2005,Brick,Update
tf0393162,2005,Coach Carter,Update
tf0395584,2005,The Devil&#39;s Rejects,Update
tf0395972,2005,North Country,Update
tf0396171,2006,Perfume: The Story of a Murderer,Update
tf0396652,2005,Ice Princess,Update
tf0397101,2005,The Skeleton Key,Update
tf0397535,2005,Memoirs of a Geisha,Update
tf0397892,2008,Bolt,Update
tf0398286,2010,Tangled,Update
tf0398712,2005,Assault on Precinct 13,Update
tf0398808,2007,Bridge to Terabithia,Update
tf0398913,2006,DOA: Dead or Alive,Update
tf0399201,2005,The Island,Update
tf0399295,2005,Lord of War,Update
tf0400497,2005,Herbie Fully Loaded,Update
tf0400717,2006,Open Season,Update
tf0401711,2006,Paris je t&#39;aime,Update
tk0401729,2012,John Carter,Update
tf0401729,2012,John Carter,Update
tf0401792,2005,Sin City,Update
tf0402022,2005,AEon Flux,Update
tf0402399,2005,The New World,Update
tf0403702,2009,Youth in Revolt,Update
tf0404032,2005,The Exorcism of Emily Rose,Update
tf0404203,2006,Little Children,Update
tf0405094,2006,Das Leben Der Anderen,Update
tf0405159,2004,Million Dollar Baby,Update
tf0405296,2006,A Scanner Darkly,Update
tf0405325,2005,Sky High,Update
tf0405336,2006,Southland Tales,Update
tf0405422,2005,The 40 Year Old Virgin,Update
tf0405508,2006,Rang De Basanti,Update
tf0406375,2005,Zathura: A Space Adventure,Update
tf0406759,2008,The Eye,Update
tf0407265,2005,Transamerica,Update
tf0407304,2005,War of the Worlds,Update
tf0407887,2006,The Departed,Update
tf0408306,2005,Munich,Update
tf0408790,2005,Flightplan,Update
tf0408985,2006,Last Holiday,Update
tf0409182,2006,Poseidon,Update
tf0409459,2009,Watchmen,Update
tk0409847,2011,Cowboys &amp; Aliens,Update
tf0409847,2011,Cowboys &amp; Aliens,Update
tf0410097,2005,Hustle &amp; Flow,Update
tf0410297,2006,The Lake House,Update
tf0410377,2008,Nim&#39;s Island,Update
tf0411061,2007,88 Minutes,Update
tf0413267,2007,Shrek the Third,Update
tf0414387,2005,Pride and Prejudice,Update
tf0414852,2004,Banlieue 13,Update
tf0414982,2006,Final Destination 3,Update
tf0414993,2006,The Fountain,Update
tf0415978,2005,Me and You and Everyone We Know,Update
tf0416212,2008,The Secret Life of Bees,Update
tf0416320,2005,Match Point,Update
tf0416449,2006,300,Update
tf0416496,2006,Bandidas,Update
tf0416508,2007,Becoming Jane,Update
tf0417001,1997,Must love Dogs,Update
tf0417148,2006,Snakes on a Plane,Update
tf0417225,2006,Idlewild,Update
tf0417741,2009,Harry Potter and the Half-Blood Prince,Update
tf0418279,2007,Transformers,Update
tf0418763,2005,Jarhead,Update
tf0418773,2005,Junebug,Update
tf0419706,2005,Doom,Update
tf0419887,2007,The Kite Runner,Update
tf0420223,2006,Stranger Than Fiction,Update
tf0421054,2005,Domino,Update
tf0421239,2005,Red Eye,Update
tf0421715,2008,The Curious Case of Benjamin Button,Update
tf0422720,2006,Marie Antoinette,Update
tf0423169,2006,Sherrybaby,Update
tf0423409,2005,Tristram Shandy: A Cock and Bull Story,Update
tf0423977,2007,Charlie Bartlett,Update
tf0424095,2006,Flushed Away,Update
tf0424136,2005,Hard Candy,Update
tf0424345,2006,Clerks II,Update
tf0424774,2005,The Adventures of Sharkboy and Lavagirl 3-D,Update
tf0425112,2007,Hot Fuzz,Update
tf0425123,2005,Just Like Heaven,Update
tf0425210,2006,Lucky Number Slevin,Update
tf0425430,2007,The Messengers,Update
tf0427152,2010,Dinner for Schmucks,Update
tf0427327,2007,Hairspray,Update
tf0427944,2005,Thank You for Smoking,Update
tf0429493,2010,The A-Team,Update
tf0429589,2006,The Ant Bully,Update
tf0429591,2006,Aquamarine,Update
tf0430634,2006,Stick It,Update
tf0430770,2008,The Women,Update
tf0432021,2007,Resident Evil: Extinction,Update
tf0432283,2009,Fantastic Mr. Fox,Update
tf0432291,2005,The Fog,Update
tf0432348,2005,Saw II,Update
tk0433035,2011,Real Steel,Update
tf0433035,2011,Real Steel,Update
tf0433362,2009,Daybreakers,Update
tf0433383,2005,"Good Night, and Good Luck.",Update
tf0433386,2006,The Grudge 2,Update
tf0434409,2005,V for Vendetta,Update
tf0435623,2005,Conversations with Other Women,Update
tf0435625,2005,The Descent,Update
tf0435761,2010,Toy Story 3,Update
tf0436331,2006,Friends with Money,Update
tf0436339,2009,G-Force,Update
tf0436697,2006,The Queen,Update
tf0437800,2006,Akeelah and the Bee,Update
tf0438097,2006,Ice Age: The Meltdown,Update
tf0438488,2009,Terminator Salvation,Update
tf0439289,2006,Running with Scissors,Update
tf0439478,2005,Boynton Beach Club,Update
tf0439815,2006,Slither,Update
tf0441773,2008,Kung Fu Panda,Update
tf0441909,2006,Volver,Update
tf0442933,2007,Beowulf,Update
tk0443272,2012,Lincoln,Update
tf0443272,2012,Lincoln,Update
tf0443295,2005,"Yours, Mine and Ours",Update
tf0443453,2006,Borat: Cultural Learnings of America for Make Benefit Glorious Nation of Kazakhstan,Update
tf0443536,2005,Hoodwinked!,Update
tf0443543,2006,The Illusionist,Update
tf0445922,2007,Across the Universe,Update
tf0445934,2007,Blades of Glory,Update
tf0446029,2010,Scott Pilgrim vs. the World,Update
tf0446046,2006,Take the Lead,Update
tf0446755,2006,The Painted Veil,Update
tf0448011,2009,Knowing,Update
tf0448134,2007,Sunshine,Update
tf0448157,2008,Hancock,Update
tf0448182,2009,Yesterday Was a Lie,Update
tk0448694,2011,Puss in Boots,Update
tf0448694,2011,Puss in Boots,Update
tf0449010,2006,Eragon,Update
tf0449059,2006,Little Miss Sunshine,Update
tf0449088,2007,Pirates of the Caribbean: At World&#39;s End,Update
tf0450259,2006,Blood Diamond,Update
tf0450278,2005,Hostel,Update
tf0450385,2007,1408,Update
tf0451094,2005,Chinjeolhan geumjassi,Update
tf0451176,2006,Quinceanera,Update
tf0452594,2006,The Break Up,Update
tf0452608,2008,Death Race,Update
tf0452623,2007,Gone Baby Gone,Update
tf0452637,2006,Lady in the Water,Update
tf0452694,2009,The Time Traveler&#39;s Wife,Update
tf0453556,2007,TMNT,Update
tf0454082,2006,Black Christmas,Update
tf0454848,2006,Inside Man,Update
tk0454876,2012,Life of Pi,Update
tf0454876,2012,Life of Pi,Update
tf0454921,2006,The Pursuit of Happyness,Update
tf0454945,2006,She&#39;s the Man,Update
tf0455407,2010,The Crazies,Update
tf0455824,2008,Australia,Update
tf0455857,2006,When a Stranger Calls,Update
tf0457430,2006,El laberinto del fauno (Pan's Labyrinth),Update
tf0457510,2006,Nacho Libre,Update
tf0457572,2006,Fido,Update
tf0457939,2006,The Holiday,Update
tk0458339,2011,Captain America: The First Avenger,Update
tf0458339,2011,Captain America: The First Avenger,Update
tf0458352,2006,The Devil Wears Prada,Update
tf0458525,2009,X-Men Origins: Wolverine,Update
tf0460989,2006,The Wind That Shakes the Barley,Update
tf0461770,2007,Enchanted,Update
tf0462538,2007,The Simpsons Movie,Update
tf0463034,2006,"You, Me and Dupree",Update
tf0463854,2007,28 Weeks Later,Update
tf0464049,2006,The History Boys,Update
tf0465494,2007,Hitman,Update
tf0465502,2008,Igor,Update
tf0465538,2007,Michael Clayton,Update
tf0465551,2006,Notes on a Scandal,Update
tf0465580,2009,Push,Update
tk0466893,2011,Margaret,Update
tf0466893,2011,Margaret,Update
tf0467197,2008,Max Payne,Update
tf0467200,2008,The Other Boleyn Girl,Update
tf0467406,2007,Juno,Update
tf0468492,2006,The Host,Update
tf0468569,2008,The Dark Knight,Update
tf0469494,2007,There Will Be Blood,Update
tf0470705,2006,Bug,Update
tf0470765,2006,For Your Consideration,Update
tk0471042,2011,Tower Heist,Update
tf0471042,2011,Tower Heist,Update
tf0472033,2009,9,Update
tf0472062,2007,Charlie Wilson&#39;s War,Update
tk0472181,2011,The Smurfs,Update
tf0472181,2011,The Smurfs,Update
tk0472399,2011,The Mechanic,Update
tf0472399,2011,The Mechanic,Update
tf0473075,2010,Prince of Persia: The Sands of Time,Update
tf0473308,2007,Waitress,Update
tf0473705,2009,State of Play,Update
tf0474361,2005,Sisters in Law,Update
tf0475394,2006,Smokin&#39; Aces,Update
tf0477071,2007,Premonition,Update
tf0477080,2010,Unstoppable,Update
tf0477139,2006,Wristcutters: A Love Story,Update
tf0477347,2006,Night at the Museum,Update
tf0477348,2007,No Country for Old Men,Update
tf0478087,2008,21,Update
tk0478304,2011,The Tree of Life,Update
tf0478304,2011,The Tree of Life,Update
tf0478311,2007,Knocked Up,Update
tf0479647,2006,"Bon Cop, Bad Cop",Update
tf0479884,2006,Crank,Update
tf0480249,2007,I Am Legend,Update
tf0480255,2010,The Losers,Update
tk0480687,2011,Hall Pass,Update
tf0480687,2011,Hall Pass,Update
tf0481141,2007,No Reservations,Update
tf0481369,2007,The Number 23,Update
tf0481499,2013,The Croods,Update
tf0482546,2006,Miss Potter,Update
tf0482571,2006,The Prestige,Update
tf0482606,2008,The Strangers,Update
tf0483607,2008,Doomsday,Update
tf0483726,2006,Man of the Year,Update
tf0485601,2009,The Secret of Kells,Update
tk0485985,2012,Red Tails,Update
tf0485985,2012,Red Tails,Update
tf0486321,2008,Fly Me to the Moon,Update
tf0486576,2007,Fantastic Four: Rise of the Silver Surfer,Update
tf0486655,2007,Stardust,Update
tf0486822,2007,Disturbia,Update
tf0489018,2008,Day of the Dead,Update
tf0489099,2008,Jumper,Update
tf0490166,2006,London To Brighton,Update
tf0493430,2006,Jackass Number Two,Update
tf0493464,2008,Wanted,Update
tf0493949,2010,Ramona and Beezus,Update
tf0494238,2008,Inkheart,Update
tf0494652,2008,"Welcome Home, Roscoe Jenkins",Update
tf0496436,2007,White Noise 2: The Light,Update
tf0497465,2008,Vicky Cristina Barcelona,Update
tf0498353,2007,Hostel: Part II,Update
tf0498380,2006,Letters from Iwo Jima,Update
tf0498399,2007,We Own the Night,Update
tf0499448,2008,The Chronicles of Narnia: Prince Caspian,Update
tf0499549,2009,Avatar,Update
tf0756683,2007,The Man from Earth,Update
tf0758746,2009,Friday the 13th,Update
tf0758752,2010,Love and Other Drugs,Update
tf0758758,2007,Into the Wild,Update
tf0758766,2007,Music and Lyrics,Update
tf0758794,2006,We Are Marshall,Update
tf0762125,2009,Planet 51,Update
tf0765010,2009,Brothers,Update
tf0765443,2007,Eastern Promises,Update
tf0765446,2013,Escape from Planet Earth,Update
tf0765476,2008,Meet Dave,Update
tf0770703,2011,What&#39;s Your Number,Update
tf0770828,2013,Man of Steel,Update
tf0775489,2010,The Illusionist,Update
tf0775529,2007,The Savages,Update
tk0780504,2011,Drive,Update
tf0780504,2011,Drive,Update
tf0780511,2009,Everybody&#39;s Fine,Update
tf0780521,2009,The Princess and the Frog,Update
tf0780536,2008,In Bruges,Update
tf0780607,2007,The Signal,Update
tf0780622,2007,Teeth,Update
tf0780653,2010,The Wolfman,Update
tf0783233,2007,Atonement,Update
tf0783238,2006,The Dead Girl,Update
tf0787475,2007,Hot Rod,Update
tf0790628,2013,The Incredible Burt Wonderstone,Update
tf0790712,2009,The Messenger,Update
tk0790724,2012,Jack Reacher,Update
tf0790724,2012,Jack Reacher,Update
tf0790736,2013,R.I.P.D.,Update
tf0795351,2009,Case 39,Update
tf0795368,2007,Death at a Funeral,Update
tf0796366,2009,Star Trek,Update
tf0799934,2008,Be Kind Rewind,Update
tf0800039,2008,Forgetting Sarah Marshall,Update
tf0800080,2008,The Incredible Hulk,Update
tf0800241,2008,Transsiberian,Update
tf0800308,2008,Appaloosa,Update
tf0800320,2010,Clash of the Titans,Update
tk0800369,2011,Thor,Update
tf0800369,2011,Thor,Update
tf0804497,2010,It&#39;s Kind of a Funny Story,Update
tf0805564,2007,Lars and the real Girl,Update
tf0808151,2009,Angels &amp; Demons,Update
tf0808244,2008,Easy Virtue,Update
tf0808417,2007,Persepolis,Update
tf0808526,2009,Life During Wartime,Update
tf0810784,2009,Bright Star,Update
tf0811080,2008,Speed Racer,Update
tf0814255,2010,Percy Jackson &amp; the Olympians: The Lightning Thief,Update
tf0814314,2008,Seven Pounds,Update
tf0815244,2007,Sydney White,Update
tf0816442,2013,The Book Thief,Update
tk0816462,2011,Conan the Barbarian,Update
tf0816462,2011,Conan the Barbarian,Update
tf0816711,2013,World War Z,Update
tf0817230,2010,Valentine&#39;s Day,Update
tf0821642,2009,The Soloist,Update
tk0822847,2011,Priest,Update
tf0822847,2011,Priest,Update
tf0822854,2007,Shooter,Update
tf0824747,2008,Changeling,Update
tf0824758,2009,The Last Station,Update
tf0825232,2007,The Bucket List,Update
tf0829482,2007,Superbad,Update
tf0830515,2008,Quantum of Solace,Update
tf0832266,2008,"Definitely, Maybe",Update
tk0837562,2012,Hotel Transylvania,Update
tf0837562,2012,Hotel Transylvania,Update
tf0838283,2008,Step Brothers,Update
tf0840361,2010,The Town,Update
tf0842926,2010,The Kids Are All Right,Update
tf0844286,2008,The Brothers Bloom,Update
tf0844471,2009,Cloudy with a Chance of Meatballs,Update
tk0848228,2012,The Avengers,Update
tf0848228,2012,The Avengers,Update
tf0848537,2013,Epic,Update
tf0848557,2007,Diary of the Dead,Update
tf0852713,2008,The House Bunny,Update
tf0857191,2007,The Visitor,Update
tf0861689,2008,Blindness,Update
tf0861739,2007,Tropa de Elite,Update
tf0862846,2008,Sunshine Cleaning,Update
tf0865556,2008,The Forbidden Kingdom,Update
tf0866439,2008,Made of Honor,Update
tf0870111,2008,Frost/Nixon,Update
tf0871426,2008,Baby Mama,Update
tk0873886,2011,Red State,Update
tf0873886,2011,Red State,Update
tf0875034,2009,Nine,Update
tf0876563,2008,Gake no ue no Ponyo,Update
tf0878804,2009,The Blind Side,Update
tf0878835,2010,Please Give,Update
tf0879870,2010,"Eat, Pray, Love",Update
tf0881891,2009,All About Steve,Update
tf0882978,2008,Three Kingdoms: Resurrection of the Dragon,Update
tf0884328,2007,The Mist,Update
tf0887883,2008,Burn After Reading,Update
tf0887912,2008,The Hurt Locker,Update
tf0889573,2010,The Switch,Update
tf0889583,2009,Br&uuml;no,Update
tf0892255,2008,Che: Part One,Update
tf0892318,2010,Letters to Juliet,Update
tf0892769,2010,How to Train Your Dragon,Update
tf0892782,2009,Monsters vs Aliens,Update
tf0892791,2010,Shrek Forever After,Update
tf0896923,2009,The City of Your Final Destination,Update
tf0898367,2009,The Road,Update
tf0901476,2009,Bride Wars,Update
tk0903624,2012,The Hobbit: An Unexpected Journey,Update
tf0903624,2012,The Hobbit: An Unexpected Journey,Update
tf0907657,2006,Once,Update
tf0910936,2008,Pineapple Express,Update
tf0910970,2008,WALL-E,Update
tf0913354,2009,Armored,Update
tf0918927,2008,Doubt,Update
tf0926084,2010,Harry Potter and the Deathly Hallows: Part 1,Update
tf0926129,2008,Prom Night,Update
tf0929632,2009,Precious: Based on the Novel Push by Sapphire,Update
tf0935075,2010,Rabbit Hole,Update
tf0936501,2008,Taken,Update
tf0938283,2010,The Last Airbender,Update
tk0938330,2012,Silent Hill: Revelation 3D,Update
tf0938330,2012,Silent Hill: Revelation 3D,Update
tf0942385,2008,Tropic Thunder,Update
tf0942903,2008,Stargate: The Ark of Truth,Update
tf0944835,2010,Salt,Update
tk0945513,2011,Source Code,Update
tf0945513,2011,Source Code,Update
tf0947798,2010,Black Swan,Update
tf0947810,2010,Green Zone,Update
tk0948470,2012,The Amazing Spider-Man,Update
tf0948470,2012,The Amazing Spider-Man,Update
tf0954947,2010,The Killer Inside Me,Update
tf0955308,2010,Robin Hood,Update
tf0959337,2008,Revolutionary Road,Update
tf0960731,2008,Bedtime Stories,Update
tf0962726,2008,High School Musical 3: Senior Year,Update
tf0962736,2009,The Young Victoria,Update
tf0963966,2010,The Sorcerer&#39;s Apprentice,Update
tf0964517,2010,The Fighter,Update
tf0964587,2007,St. Trinian&#39;s,Update
tf0968264,2010,The Conspirator,Update
tk0970179,2011,Hugo,Update
tf0970179,2011,Hugo,Update
tf0970411,2008,City of Ember,Update
tf0970416,2008,The Day the Earth Stood Still,Update
tf0971209,2009,A Perfect Getaway,Update
tf0974661,2009,17 Again,Update
tf0976051,2008,The Reader,Update
tf0977855,2010,Fair Game,Update
tf0978759,2008,Frozen River,Update
tk0978764,2011,Sucker Punch,Update
tf0978764,2011,Sucker Punch,Update
tf0980970,2010,The Chronicles of Narnia: The Voyage of the Dawn Treader,Update
tf0981072,2008,The Lucky Ones,Update
tf0981227,2008,Nick and Norah&#39;s Infinite Playlist,Update
tk0983193,2011,The Adventures of Tintin,Update
tf0983193,2011,The Adventures of Tintin,Update
tf0985694,2010,Machete,Update
tf0985699,2008,Valkyrie,Update
tf0986263,2009,Surrogates,Update
tf0988045,2009,Sherlock Holmes,Update
tf0989757,2010,Dear John,Update
tk0990407,2011,The Green Hornet,Update
tf0990407,2011,The Green Hornet,Update
tk0993842,2011,Hanna,Update
tf0993842,2011,Hanna,Update
tf0993846,2013,The Wolf of Wall Street,Update
tf0995039,2008,Ghost Town,Update
tk0999913,2011,Straw Dogs,Update
tf0999913,2011,Straw Dogs,Update
tf1000774,2008,Sex and the City,Update
tf1001508,2009,He&#39;s Just Not That Into You,Update
tf1001526,2010,Megamind,Update
tf1003034,2009,Perrier&#39;s Bounty,Update
tk1007029,2011,The Iron Lady,Update
tf1007029,2011,The Iron Lady,Update
tf1010048,2008,Slumdog Millionaire,Update
tf1013743,2010,Knight and Day,Update
tf1013752,2009,Fast &amp; Furious,Update
tf1013753,2008,Milk,Update
tf1013860,2010,Dylan Dog: Dead of Night,Update
tf1014759,2010,Alice in Wonderland,Update
tf1017451,2010,The Runaways,Update
tf1017460,2009,Splice,Update
tf1018785,2008,The Sisterhood of the Traveling Pants 2,Update
tf1019452,2009,A Serious Man,Update
tf1020558,2010,Centurion,Update
tf1022603,2009,(500) Days of Summer,Update
tk1024648,2012,Argo,Update
tf1024648,2012,Argo,Update
tf1024744,2009,I Come with the Rain,Update
tf1027718,2010,Wall Street: Money Never Sleeps,Update
tf1028576,2010,Secretariat,Update
tf1032755,2008,RocknRolla,Update
tf1033643,2008,What Happens In Vegas,Update
tf1034032,2009,Gamer,Update
tf1034303,2008,Defiance,Update
tf1035736,2009,Coco avant Chanel,Update
tf1038686,2010,Legion,Update
tf1038988,2007,[Rec],Update
tf1041829,2009,The Proposal,Update
tk1045658,2012,Silver Linings Playbook,Update
tf1045658,2012,Silver Linings Playbook,Update
tf1045772,2009,I Love You Phillip Morris,Update
tf1046173,2009,G.I. Joe: The Rise of Cobra,Update
tf1046997,2008,Miracle at St. Anna,Update
tk1047540,2012,Parental Guidance,Update
tf1047540,2012,Parental Guidance,Update
tf1049413,2009,Up,Update
tf1053424,2010,Repo Men,Update
tf1054606,2009,The Imaginarium of Doctor Parnassus,Update
tf1055369,2009,Transformers: Revenge of the Fallen,Update
tf1057500,2009,Invictus,Update
tf1058017,2009,The Invention of Lying,Update
tf1059786,2008,Eagle Eye,Update
tf1060277,2008,Cloverfield,Update
tk1068242,2011,Footloose,Update
tf1068242,2011,Footloose,Update
tf1068678,2009,Veronika Decides to Die,Update
tf1068680,2008,Yes Man,Update
tk1074638,2012,Skyfall,Update
tf1074638,2012,Skyfall,Update
tf1077262,2009,Ajami,Update
tf1078588,2009,My Sister&#39;s Keeper,Update
tf1080016,2009,Ice Age: Dawn of the Dinosaurs,Update
tf1082868,2008,Quarantine,Update
tf1083456,2009,Fired Up!,Update
tf1084950,2008,Rachel Getting Married,Update
tf1091722,2009,Adventureland,Update
tk1092026,2011,Paul,Update
tf1092026,2011,Paul,Update
tk1093357,2011,The Darkest Hour,Update
tf1093357,2011,The Darkest Hour,Update
tf1099212,2008,Twilight,Update
tf1103982,2009,The Girlfriend Experience,Update
tf1104001,2010,Tron Legacy,Update
tf1104733,2008,Hamlet 2,Update
tf1111422,2009,The Taking of Pelham 123,Update
tf1119646,2009,The Hangover,Update
tf1120985,2010,Blue Valentine,Update
tf1121977,2009,Mother and Child,Update
tf1125849,2008,The Wrestler,Update
tf1126591,2010,Burlesque,Update
tf1126618,2010,Morning Glory,Update
tf1127180,2009,Drag Me to Hell,Update
tf1129423,2008,Fireproof,Update
tf1130080,2009,The Informant!,Update
tf1130884,2010,Shutter Island,Update
tf1131729,2009,The Boat That Rocked,Update
tf1131734,2009,Jennifer&#39;s Body,Update
tf1132620,2009,The Girl with the Dragon Tattoo,Update
tk1133985,2011,Green Lantern,Update
tf1133985,2011,Green Lantern,Update
tf1135084,2010,Takers,Update
tf1135503,2009,Julie &amp; Julia,Update
tf1136608,2009,District 9,Update
tf1139328,2010,The Ghost Writer,Update
tf1139668,2009,The Unborn,Update
tf1139797,2008,L&aring;t den r&auml;tte komma in (Let the Right One In),Update
tk1142977,2012,Frankenweenie,Update
tf1142977,2012,Frankenweenie,Update
tf1142988,2009,The Ugly Truth,Update
tf1144884,2009,The Final Destination,Update
tf1149361,2009,Micmacs (Micmacs &agrave; tire-larigot),Update
tk1152398,2011,Beastly,Update
tf1152398,2011,Beastly,Update
tf1152836,2009,Public Enemies,Update
tf1152850,2008,Wendy and Lucy,Update
tf1155056,2009,"I Love You, Man",Update
tf1155076,2010,The Karate Kid,Update
tf1156398,2009,Zombieland,Update
tk1161864,2011,The Rite,Update
tf1161864,2011,The Rite,Update
tf1164999,2010,Biutiful,Update
tf1170358,2013,The Hobbit: The Desolation of Smaug,Update
tf1172233,2009,Whip It,Update
tf1174732,2009,An Education,Update
tf1176740,2009,Away We Go,Update
tf1178663,2009,Whatever Works,Update
tf1179891,2009,My Bloody Valentine 3D,Update
tf1179904,2007,Paranormal Activity,Update
tf1182345,2009,Moon,Update
tf1182350,2010,You Will Meet a Tall Dark Stranger,Update
tf1183923,2010,Welcome to the Rileys,Update
tf1185616,2008,Waltz with Bashir,Update
tf1185836,2009,Adam,Update
tf1186367,2009,Ninja Assassin,Update
tf1186830,2009,Agora,Update
tf1188729,2009,Pandorum,Update
tk1189340,2011,The Lincoln Lawyer,Update
tf1189340,2011,The Lincoln Lawyer,Update
tf1190080,2009,2012,Update
tf1191111,2009,Enter the Void,Update
tk1192628,2011,Rango,Update
tf1192628,2011,Rango,Update
tf1193138,2009,Up in the Air,Update
tf1194263,2009,Get Low,Update
tf1194417,2010,Casino Jack,Update
tf1196141,2010,Diary of a Wimpy Kid,Update
tf1197624,2009,Law Abiding Citizen,Update
tf1201167,2009,Funny People,Update
tk1201607,2011,Harry Potter and the Deathly Hallows: Part 2,Update
tf1201607,2011,Harry Potter and the Deathly Hallows: Part 2,Update
tk1204342,2011,The Muppets,Update
tf1204342,2011,The Muppets,Update
tf1204975,2013,Last Vegas,Update
tf1205489,2008,Gran Torino,Update
tf1210042,2009,Brooklyn&#39;s Finest,Update
tk1210166,2011,Moneyball,Update
tf1210166,2011,Moneyball,Update
tf1210819,2013,The Lone Ranger,Update
tf1211956,2013,Escape Plan,Update
tf1212436,2010,The Back-up Plan,Update
tf1213663,2013,The World&#39;s End,Update
tk1216475,2011,Cars 2,Update
tf1216475,2011,Cars 2,Update
tf1216520,2010,Womb,Update
tk1217209,2012,Brave,Update
tf1217209,2012,Brave,Update
tk1217613,2011,Battle: Los Angeles,Update
tf1217613,2011,Battle: Los Angeles,Update
tk1219289,2011,Limitless,Update
tf1219289,2011,Limitless,Update
tf1220198,2009,The Fourth Kind,Update
tf1226229,2010,Get Him To The Greek,Update
tf1226236,2010,I Am Love,Update
tf1226273,2010,Edge of Darkness,Update
tf1226681,2008,Pontypool,Update
tf1226753,2010,The Debt,Update
tf1227929,2008,Herb &amp; Dorothy,Update
tf1228705,2010,Iron Man 2,Update
tf1228987,2010,Let Me In,Update
tk1229238,2011,Mission: Impossible - Ghost Protocol,Update
tf1229238,2011,Mission: Impossible - Ghost Protocol,Update
tf1230414,2009,It&#39;s Complicated,Update
tf1231583,2010,Due Date,Update
tf1231587,2010,Hot Tub Time Machine,Update
tk1232200,2012,That&#39;s My Boy,Update
tf1232200,2012,That&#39;s My Boy,Update
tf1232207,2009,Capitalism: A Love Story,Update
tf1232776,2009,Fish Tank,Update
tf1234548,2009,The Men Who Stare at Goats,Update
tk1234719,2012,Red Dawn,Update
tf1234719,2012,Red Dawn,Update
tk1235170,2011,The Future,Update
tf1235170,2011,The Future,Update
tf1235189,2010,Wild Target,Update
tf1235796,2009,Ondine,Update
tf1243957,2010,The Tourist,Update
tf1244754,2010,Conviction,Update
tf1245492,2013,This Is the End,Update
tf1245526,2010,Red,Update
tf1247662,2009,The Good Guy,Update
tf1250777,2010,Kick-Ass,Update
tk1253864,2011,Immortals,Update
tf1253864,2011,Immortals,Update
tk1258972,2012,The Man with the Iron Fists,Update
tf1258972,2012,The Man with the Iron Fists,Update
tk1259521,2011,The Cabin in the Woods,Update
tf1259521,2011,The Cabin in the Woods,Update
tf1261945,2010,Sex and the city 2,Update
tk1265990,2011,The Roommate,Update
tf1265990,2011,The Roommate,Update
tf1266029,2009,Nowhere Boy,Update
tk1268799,2011,A Very Harold &amp; Kumar 3D Christmas,Update
tf1268799,2011,A Very Harold &amp; Kumar 3D Christmas,Update
tf1270761,2010,Don&#39;t Be Afraid of the Dark,Update
tf1270798,2011,X-Men: First Class,Update
tf1272878,2013,2 Guns,Update
tf1273678,2010,The Spy Next Door,Update
tf1274300,2010,The Tempest,Update
tk1277953,2012,Madagascar 3: Europe&#39;s Most Wanted,Update
tf1277953,2012,Madagascar 3: Europe&#39;s Most Wanted,Update
tf1278340,2009,Dead Snow,Update
tf1279935,2010,Date Night,Update
tf1282140,2010,Easy A,Update
tk1284575,2011,Bad Teacher,Update
tf1284575,2011,Bad Teacher,Update
tf1285016,2010,The Social Network,Update
tf1288558,2013,Evil Dead,Update
tf1289406,2009,Harry Brown,Update
tf1291584,2011,Warrior,Update
tk1298649,2012,The Watch,Update
tf1298649,2012,The Watch,Update
tk1298650,2011,Pirates of the Caribbean: On Stranger Tides,Update
tf1298650,2011,Pirates of the Caribbean: On Stranger Tides,Update
tf1300851,2009,The Boondock Saints II: All Saints Day,Update
tf1300854,2013,Iron Man 3,Update
tk1302011,2011,Kung Fu Panda 2,Update
tf1302011,2011,Kung Fu Panda 2,Update
tf1302067,2010,Yogi Bear,Update
tk1305591,2011,Mars Needs Moms,Update
tf1305591,2011,Mars Needs Moms,Update
tk1306980,2011,50/50,Update
tf1306980,2011,50/50,Update
tk1308729,2012,Bullet to the Head,Update
tf1308729,2012,Bullet to the Head,Update
tf1313092,2010,Animal Kingdom,Update
tf1314655,2010,Devil,Update
tf1315981,2009,A Single Man,Update
tk1318514,2011,Rise of the Planet of the Apes,Update
tf1318514,2011,Rise of the Planet of the Apes,Update
tf1320244,2010,The Last Exorcism,Update
tf1320253,2010,The Expendables,Update
tf1321870,2013,Gangster Squad,Update
tf1322269,2013,August: Osage County,Update
tf1322312,2010,Going the Distance,Update
tf1323045,2010,Frozen,Update
tf1323594,2010,Despicable Me,Update
tk1324999,2011,The Twilight Saga: Breaking Dawn - Part 1,Update
tf1324999,2011,The Twilight Saga: Breaking Dawn - Part 1,Update
tf1325004,2010,The Twilight Saga: Eclipse,Update
tf1327773,2013,Lee Daniels&#39; The Butler,Update
tf1334260,2010,Never Let Me Go,Update
tf1335975,2013,47 Ronin,Update
tk1336608,2012,Rock of Ages,Update
tf1336608,2012,Rock of Ages,Update
tf1336617,2010,Cyrus,Update
tk1340800,2011,Tinker Tailor Soldier Spy,Update
tf1340800,2011,Tinker Tailor Soldier Spy,Update
tf1343092,2013,The Great Gatsby,Update
tf1343727,2012,Dredd 3D,Update
tk1345836,2012,The Dark Knight Rises,Update
tf1345836,2012,The Dark Knight Rises,Update
tf1351685,2013,Jack the Giant Slayer,Update
tf1352824,2009,Chloe,Update
tk1371111,2012,Cloud Atlas,Update
tf1371111,2012,Cloud Atlas,Update
tf1371155,2010,Made In Dagenham,Update
tk1372686,2011,Coriolanus,Update
tf1372686,2011,Coriolanus,Update
tf1375666,2010,Inception,Update
tf1375670,2010,Grown Ups,Update
tf1376195,2010,Gunless,Update
tk1385826,2011,The Adjustment Bureau,Update
tf1385826,2011,The Adjustment Bureau,Update
tf1385867,2010,Cop Out,Update
tf1386588,2010,The Other Guys,Update
tk1386703,2012,Total Recall,Update
tf1386703,2012,Total Recall,Update
tf1389137,2011,We Bought a Zoo,Update
tk1392170,2012,The Hunger Games,Update
tf1392170,2012,The Hunger Games,Update
tf1392214,2013,Prisoners,Update
tk1396218,2011,Mr. Popper&#39;s Penguins,Update
tf1396218,2011,Mr. Popper&#39;s Penguins,Update
tk1399103,2011,Transformers: Dark of the Moon,Update
tf1399103,2011,Transformers: Dark of the Moon,Update
tf1399683,2010,Winter&#39;s Bone,Update
tk1403177,2011,Hesher,Update
tf1403177,2011,Hesher,Update
tf1403865,2010,True Grit,Update
tf1403981,2010,Remember Me,Update
tf1405500,2010,For Colored Girls,Update
tf1408101,2013,Star Trek Into Darkness,Update
tk1409024,2012,Men in Black III,Update
tf1409024,2012,Men in Black III,Update
tk1410063,2011,Jin ling shi san chai,Update
tf1410063,2011,Jin ling shi san chai,Update
tk1411238,2011,No Strings Attached,Update
tf1411238,2011,No Strings Attached,Update
tf1411250,2013,Riddick,Update
tk1411704,2011,Hop,Update
tf1411704,2011,Hop,Update
tk1412386,2011,The Best Exotic Marigold Hotel,Update
tf1412386,2011,The Best Exotic Marigold Hotel,Update
tf1414382,2010,You Again,Update
tf1415283,2010,Nanny McPhee and the Big Bang,Update
tf1421051,2010,Somewhere,Update
tk1422136,2011,A Lonely Place to Die,Update
tf1422136,2011,A Lonely Place to Die,Update
tf1423894,2010,Barney&#39;s Version,Update
tf1424381,2010,Predators,Update
tf1428538,2013,Hansel Gretel: Witch Hunters,Update
tf1430132,2013,The Wolverine,Update
tk1430607,2011,Arthur Christmas,Update
tf1430607,2011,Arthur Christmas,Update
tk1430626,2012,The Pirates! Band of Misfits,Update
tf1430626,2012,The Pirates! Band of Misfits,Update
tf1431181,2010,Another Year,Update
tf1433108,2010,Faster,Update
tk1436562,2011,Rio,Update
tf1436562,2011,Rio,Update
tk1438176,2011,Fright Night,Update
tf1438176,2011,Fright Night,Update
tf1438254,2010,Charlie St. Cloud,Update
tk1440129,2012,Battleship,Update
tf1440129,2012,Battleship,Update
tf1440292,2010,Submarine,Update
tk1441326,2011,Martha Marcy May Marlene,Update
tf1441326,2011,Martha Marcy May Marlene,Update
tk1446192,2012,Rise of the Guardians,Update
tf1446192,2012,Rise of the Guardians,Update
tk1448755,2011,Killer Elite,Update
tf1448755,2011,Killer Elite,Update
tf1449283,2011,Winnie the Pooh,Update
tk1454029,2011,The Help,Update
tf1454029,2011,The Help,Update
tf1454468,2013,Gravity,Update
tf1457767,2013,The Conjuring,Update
tf1458175,2010,The Next Three Days,Update
tk1462041,2011,Dream House,Update
tf1462041,2011,Dream House,Update
tk1464540,2011,I Am Number Four,Update
tf1464540,2011,I Am Number Four,Update
tf1465522,2010,Tucker and Dale vs Evil,Update
tf1470827,2010,Monsters,Update
tk1478338,2011,Bridesmaids,Update
tf1478338,2011,Bridesmaids,Update
tk1478964,2011,Attack the Block,Update
tf1478964,2011,Attack the Block,Update
tf1483013,2013,Oblivion,Update
tk1486185,2011,Red Riding Hood,Update
tf1486185,2011,Red Riding Hood,Update
tk1496025,2012,Underworld: Awakening,Update
tf1496025,2012,Underworld: Awakening,Update
tk1498569,2011,Restless,Update
tf1498569,2011,Restless,Update
tk1499658,2011,Horrible Bosses,Update
tf1499658,2011,Horrible Bosses,Update
tf1504320,2010,The King&#39;s Speech,Update
tk1506999,2011,Haywire,Update
tf1506999,2011,Haywire,Update
tk1508675,2011,Le Havre,Update
tf1508675,2011,Le Havre,Update
tk1509767,2011,The Three Musketeers,Update
tf1509767,2011,The Three Musketeers,Update
tf1512235,2010,Super,Update
tf1517260,2013,The Host,Update
tf1518812,2010,Meek&#39;s Cutoff,Update
tk1524137,2012,Contraband,Update
tf1524137,2012,Contraband,Update
tk1527186,2011,Melancholia,Update
tf1527186,2011,Melancholia,Update
tf1531663,2010,Everything Must Go,Update
tf1532503,2010,Beginners,Update
tf1532957,2009,Paa,Update
tf1535108,2013,Elysium,Update
tf1535109,2013,Captain Phillips,Update
tk1535616,2011,The Divide,Update
tf1535616,2011,The Divide,Update
tf1536044,2010,Paranormal Activity 2,Update
tf1538403,2013,The Mortal Instruments: City of Bones,Update
tk1540133,2011,The Guard,Update
tf1540133,2011,The Guard,Update
tk1541995,2011,Snow Flower and the Secret Fan,Update
tf1541995,2011,Snow Flower and the Secret Fan,Update
tf1542344,2010,127 Hours,Update
tk1547234,2012,Premium Rush,Update
tf1547234,2012,Premium Rush,Update
tk1549572,2011,Another Earth,Update
tf1549572,2011,Another Earth,Update
tf1555064,2010,Country Strong,Update
tf1559547,2013,Beautiful Creatures,Update
tk1560747,2012,The Master,Update
tf1560747,2012,The Master,Update
tk1560985,2012,The Devil Inside,Update
tf1560985,2012,The Devil Inside,Update
tk1562568,2011,Higher Ground,Update
tf1562568,2011,Higher Ground,Update
tk1564349,2011,Dolphin Tale,Update
tf1564349,2011,Dolphin Tale,Update
tk1564367,2011,Just Go with It,Update
tf1564367,2011,Just Go with It,Update
tf1564585,2010,Skyline,Update
tk1568346,2011,The Girl with the Dragon Tattoo,Update
tf1568346,2011,The Girl with the Dragon Tattoo,Update
tf1568911,2011,War Horse,Update
tf1570989,2010,Tiny Furniture,Update
tk1571222,2011,A Dangerous Method,Update
tf1571222,2011,A Dangerous Method,Update
tf1572315,2013,Texas Chainsaw 3D,Update
tf1583421,2013,G.I. Joe: Retaliation,Update
tk1586265,2012,What to Expect When You&#39;re Expecting,Update
tf1586265,2012,What to Expect When You&#39;re Expecting,Update
tf1588173,2013,Warm Bodies,Update
tf1591095,2010,Insidious,Update
tk1591479,2012,Act of Valor,Update
tf1591479,2012,Act of Valor,Update
tk1596343,2011,Fast Five,Update
tf1596343,2011,Fast Five,Update
tk1596346,2011,Soul Surfer,Update
tf1596346,2011,Soul Surfer,Update
tk1596365,2012,The Woman in Black,Update
tf1596365,2012,The Woman in Black,Update
tk1598778,2011,Contagion,Update
tf1598778,2011,Contagion,Update
tk1598822,2011,New Year&#39;s Eve,Update
tf1598822,2011,New Year&#39;s Eve,Update
tk1598828,2012,One for the Money,Update
tf1598828,2012,One for the Money,Update
tk1601913,2012,The Grey,Update
tf1601913,2012,The Grey,Update
tk1602620,2012,Amour,Update
tf1602620,2012,Amour,Update
tk1605783,2011,Midnight in Paris,Update
tf1605783,2011,Midnight in Paris,Update
tf1606378,2013,A Good Day to Die Hard,Update
tk1606389,2012,The Vow,Update
tf1606389,2012,The Vow,Update
tk1606618,2011,Iris,Update
tf1606618,2011,Iris,Update
tk1611224,2012,Abraham Lincoln: Vampire Hunter,Update
tf1611224,2012,Abraham Lincoln: Vampire Hunter,Update
tk1615147,2011,Margin Call,Update
tf1615147,2011,Margin Call,Update
tk1621045,2012,Think Like a Man,Update
tf1621045,2012,Think Like a Man,Update
tk1622547,2011,30 Minutes or Less,Update
tf1622547,2011,30 Minutes or Less,Update
tk1622979,2011,Final Destination 5,Update
tf1622979,2011,Final Destination 5,Update
tf1623205,2013,Oz the Great and Powerful,Update
tk1623288,2012,ParaNorman,Update
tf1623288,2012,ParaNorman,Update
tf1625346,2011,Young Adult,Update
tk1629705,2011,Blackthorn,Update
tf1629705,2011,Blackthorn,Update
tk1634122,2011,Johnny English Reborn,Update
tf1634122,2011,Johnny English Reborn,Update
tk1637688,2011,In Time,Update
tf1637688,2011,In Time,Update
tk1637706,2011,Our Idiot Brother,Update
tf1637706,2011,Our Idiot Brother,Update
tk1637725,2012,Ted,Update
tf1637725,2012,Ted,Update
tk1640459,2011,Hobo with a Shotgun,Update
tf1640459,2011,Hobo with a Shotgun,Update
tk1640484,2011,Jumping the Broom,Update
tf1640484,2011,Jumping the Broom,Update
tk1645170,2012,The Dictator,Update
tf1645170,2012,The Dictator,Update
tk1646987,2012,Wrath of the Titans,Update
tf1646987,2012,Wrath of the Titans,Update
tk1649419,2012,The Impossible,Update
tf1649419,2012,The Impossible,Update
tk1650043,2011,Diary of a Wimpy Kid: Rodrick Rules,Update
tf1650043,2011,Diary of a Wimpy Kid: Rodrick Rules,Update
tk1650062,2011,Super 8,Update
tf1650062,2011,Super 8,Update
tf1650554,2013,Kick-Ass 2,Update
tk1655442,2011,The Artist,Update
tf1655442,2011,The Artist,Update
tk1655460,2012,Wanderlust,Update
tf1655460,2012,Wanderlust,Update
tk1656190,2012,Safe,Update
tf1656190,2012,Safe,Update
tk1657507,2011,Colombiana,Update
tf1657507,2011,Colombiana,Update
tf1663662,2013,Pacific Rim,Update
tk1667353,2012,Mirror Mirror,Update
tf1667353,2012,Mirror Mirror,Update
tf1670345,2013,Now You See Me,Update
tk1673434,2012,The Twilight Saga: Breaking Dawn - Part 2,Update
tf1673434,2012,The Twilight Saga: Breaking Dawn - Part 2,Update
tk1675192,2011,Take Shelter,Update
tf1675192,2011,Take Shelter,Update
tk1684628,2011,Circumstance,Update
tf1684628,2011,Circumstance,Update
tf1690953,2013,Despicable Me 2,Update
tf1699755,2013,Peeples,Update
tk1701990,2011,Detention,Update
tf1701990,2011,Detention,Update
tf1702439,2013,Safe Haven,Update
tk1706593,2012,Chronicle,Update
tf1706593,2012,Chronicle,Update
tk1707386,2012,Les Miserables,Update
tf1707386,2012,Les Miserables,Update
tf1714210,2011,Weekend,Update
tk1716777,2012,People Like Us,Update
tf1716777,2012,People Like Us,Update
tk1720182,2011,October Baby,Update
tf1720182,2011,October Baby,Update
tf1723121,2013,We&#39;re the Millers,Update
tk1723811,2011,Shame,Update
tf1723811,2011,Shame,Update
tf1727388,2013,The Way Way Back,Update
tf1731141,2013,Enders Game,Update
tk1735898,2012,Snow White and the Huntsman,Update
tf1735898,2012,Snow White and the Huntsman,Update
tf1742336,2011,Your Sister&#39;s Sister,Update
tk1748122,2012,Moonrise Kingdom,Update
tf1748122,2012,Moonrise Kingdom,Update
tk1758575,2012,Blue Like Jazz,Update
tf1758575,2012,Blue Like Jazz,Update
tk1758692,2011,Like Crazy,Update
tf1758692,2011,Like Crazy,Update
tf1758795,2013,The To Do List,Update
tk1764234,2012,Killing Them Softly,Update
tf1764234,2012,Killing Them Softly,Update
tk1764651,2012,The Expendables 2,Update
tf1764651,2012,The Expendables 2,Update
tk1772240,2011,Apollo 18,Update
tf1772240,2011,Apollo 18,Update
tk1772341,2012,Wreck-It Ralph,Update
tf1772341,2012,Wreck-It Ralph,Update
tk1778304,2011,Paranormal Activity 3,Update
tf1778304,2011,Paranormal Activity 3,Update
tk1781769,2012,Anna Karenina,Update
tf1781769,2012,Anna Karenina,Update
tk1788391,2011,Kill List,Update
tf1788391,2011,Kill List,Update
tk1790885,2012,Zero Dark Thirty,Update
tf1790885,2012,Zero Dark Thirty,Update
tf1798709,2013,Her,Update
tf1800241,2013,American Hustle,Update
tk1800741,2012,Step Up Revolution,Update
tf1800741,2012,Step Up Revolution,Update
tf1814621,2013,Admission,Update
tf1815862,2013,After Earth,Update
tk1817273,2012,The Place Beyond the Pines,Update
tf1817273,2012,The Place Beyond the Pines,Update
tf1821549,2013,Nebraska,Update
tf1821694,2013,Red 2,Update
tf1837703,2013,The Fifth Estate,Update
tk1840417,2012,The Words,Update
tf1840417,2012,The Words,Update
tk1853728,2012,Django Unchained,Update
tf1853728,2012,Django Unchained,Update
tf1854564,2013,Percy Jackson: Sea of Monsters,Update
tk1859650,2012,To Rome With Love,Update
tf1859650,2012,To Rome With Love,Update
tf1860353,2013,Turbo,Update
tk1862079,2012,Safety Not Guaranteed,Update
tf1862079,2012,Safety Not Guaranteed,Update
tk1870529,2012,Won&#39;t Back Down,Update
tf1870529,2012,Won&#39;t Back Down,Update
tk1874789,2012,Supporting Characters,Update
tf1874789,2012,Supporting Characters,Update
tk1876451,2012,Sparkle,Update
tf1876451,2012,Sparkle,Update
tf1904996,2013,Parker,Update
tf1905041,2013,Fast and Furious 6,Update
tk1907668,2012,Flight,Update
tf1907668,2012,Flight,Update
tf1911644,2013,The Call,Update
tk1922777,2012,Sinister,Update
tf1922777,2012,Sinister,Update
tf1924429,2013,Trance,Update
tf1931435,2013,The Big Wedding,Update
tk1931533,2012,Seven Psychopaths,Update
tf1931533,2012,Seven Psychopaths,Update
tf1939659,2013,Carrie,Update
tf1951261,2013,The Hangover part 3,Update
tf1951264,2013,The Hunger Games: Catching Fire,Update
tf1979320,2013,Rush,Update
tf1980209,2013,Pain &amp; Gain,Update
tf1981115,2013,Thor: The Dark World,Update
tk1981677,2012,Pitch Perfect,Update
tf1981677,2012,Pitch Perfect,Update
tf1985966,2013,Cloudy with a Chance of Meatballs 2,Update
tk1991245,2012,Chernobyl Diaries,Update
tf1991245,2012,Chernobyl Diaries,Update
tf2002718,2013,Machete Kills,Update
tf2005374,2013,The Frozen Ground,Update
tf2017020,2013,The Smurfs 2,Update
tf2023587,2013,Mama,Update
tf2024432,2013,Identity Thief,Update
tf2024544,2013,12 Years a Slave,Update
tf2034139,2013,The Last Exorcism Part II,Update
tf2053463,2013,Side Effects,Update
tk2094064,2012,Much Ado About Nothing,Update
tf2094064,2012,Much Ado About Nothing,Update
tk2101441,2012,Spring Breakers,Update
tf2101441,2012,Spring Breakers,Update
tk2106476,2012,Jagten,Update
tf2106476,2012,Jagten,Update
tk2109184,2012,Paranormal Activity 4,Update
tf2109184,2012,Paranormal Activity 4,Update
tk2125435,2012,Beasts of the Southern Wild,Update
tf2125435,2012,Beasts of the Southern Wild,Update
tf2140373,2013,Saving Mr. Banks,Update
tf2184339,2013,The Purge,Update
tf2191701,2013,Grown Ups 2,Update
tf2193215,2013,The Counselor,Update
tf2194499,2013,About Time,Update
tf2226417,2013,Insidious: Chapter 2,Update
tf2229499,2013,Don Jon,Update
tf2234155,2013,The Internship,Update
tk2243973,2012,Hannibal,Update
tf2243973,2012,Hannibal,Update
tf2294629,2013,Frozen,Update
tf2302755,2013,Olympus Has Fallen,Update
tf2334873,2013,Blue Jasmine,Update
tf2334879,2013,White House Down,Update
tf2364841,2013,Runner Runner,Update
tf2404311,2013,The Family,Update
tf2404463,2013,The Heat,Update
tf2425486,2013,Gloria,Update
tf420238,2008,The Tale of Despereaux,Update